OBJECTID,FID_study_basins,SITE_NO,SQMI,ABS_DIFF,FID_cageol_poly_dd,AREA,PERIMETER,CAGEOL_DD_,CAGEOL_DD1,ORIG_LABEL,SGMC_LABEL,UNIT_LINK,SOURCE,UNIT_AGE,ROCKTYPE1,ROCKTYPE2,Shape_Length,Shape_Area
1,0,11046300,80.939803229999995,0.001730237995050,11254,0.344374223209000,18.111147271899998,11256,12009,grMz,grMZ2;0,CAgrMZ2;0,CA001,Middle Jurassic to Late Cretaceous,tonalite,quartz diorite,120867.218635480250000,116686438.020453620000000
2,0,11046300,80.939803229999995,0.001730237995050,11338,0.005078035527230,0.591550763295000,11340,4290,K,K1;0,CAK1;0,CA001,Early to Late Cretaceous,mudstone,sandstone,6862.682224184013600,616884.197561337960000
3,0,11046300,80.939803229999995,0.001730237995050,11348,0.000055168362199,0.038877852140100,11350,4289,Qv,Qv8;0,CAQv8;0,CA001,Quaternary,basalt, ,1768.828031766513300,142132.272406628530000
4,0,11046300,80.939803229999995,0.001730237995050,11349,0.000723548171868,0.158108384413000,11351,4295,gb,gb2;0,CAgb2;0,CA001,Triassic to Cretaceous,gabbro,diorite,16370.143020139016000,7379421.834495118800000
5,0,11046300,80.939803229999995,0.001730237995050,11350,0.002738376602980,0.450280151617000,11352,4300,J,J4;0,CAJ4;0,CA001,Paleozoic(?) to Late Jurassic,argillite,graywacke,26231.713077467306000,13861983.083552198000000
6,0,11046300,80.939803229999995,0.001730237995050,11357,0.010520689546600,0.707315293006000,11359,4316,Mzv,MZv4;0,CAMZv4;0,CA001,Late Jurassic to Early Cretaceous,felsic volcanic rock,intermediate volcanic rock,56983.189502048728000,49177588.100982048000000
7,0,11046300,80.939803229999995,0.001730237995050,11369,0.007837682798000,0.888485312566000,11371,4324,J,J4;0,CAJ4;0,CA001,Paleozoic(?) to Late Jurassic,argillite,graywacke,11956.006909946276000,3319798.428482689400000
8,0,11046300,80.939803229999995,0.001730237995050,11398,0.000537016495063,0.119499492845000,11400,4357,gb,gb2;0,CAgb2;0,CA001,Triassic to Cretaceous,gabbro,diorite,12726.560273991567000,5443859.879700316100000
9,0,11046300,80.939803229999995,0.001730237995050,11399,0.000319404274393,0.076622192275500,11401,4359,J,J4;0,CAJ4;0,CA001,Paleozoic(?) to Late Jurassic,argillite,graywacke,7742.425874281556400,3309977.605521033500000
10,0,11046300,80.939803229999995,0.001730237995050,11404,0.000375586604844,0.082478008258200,11406,4362,gb,gb2;0,CAgb2;0,CA001,Triassic to Cretaceous,gabbro,diorite,8381.025471331915500,3892480.928289548500000
11,0,11046300,80.939803229999995,0.001730237995050,11434,0.000247367792615,0.070211364731100,11436,4392,Qv,Qv8;0,CAQv8;0,CA001,Quaternary,basalt, ,6955.854600827864500,1277782.156761659300000
12,0,11046300,80.939803229999995,0.001730237995050,11438,0.000152931666440,0.066131424309600,11440,4397,Qv,Qv8;0,CAQv8;0,CA001,Quaternary,basalt, ,6455.774980389348500,1585464.987405852900000
13,0,11046300,80.939803229999995,0.001730237995050,11449,0.000323190388808,0.069031466344600,11451,4413,grMz,grMZ2;0,CAgrMZ2;0,CA001,Middle Jurassic to Late Cretaceous,tonalite,quartz diorite,7096.755207220479900,3350664.115168166800000
14,0,11046300,80.939803229999995,0.001730237995050,11495,0.000138076947973,0.054421250015600,11497,4448,J,J4;0,CAJ4;0,CA001,Paleozoic(?) to Late Jurassic,argillite,graywacke,4483.132020662206700,828128.085800954840000
15,1,11046360,31.847458499999998,0.007830965189870,11261,0.007686360546400,1.540275054870000,11263,4220,Q,Q;0,CAQ;0,CA001,Pliocene to Holocene,alluvium,terrace,5727.242980696946700,707684.803205266590000
16,1,11046360,31.847458499999998,0.007830965189870,11277,0.007790085846800,0.818402693128000,11279,4226,Ku,Ku1;0,CAKu1;0,CA001,Late Cretaceous,sandstone,mudstone,32648.363568012472000,31235765.361581311000000
17,1,11046360,31.847458499999998,0.007830965189870,11338,0.005078035527230,0.591550763295000,11340,4290,K,K1;0,CAK1;0,CA001,Early to Late Cretaceous,mudstone,sandstone,24348.685954792287000,19376319.972097844000000
18,1,11046360,31.847458499999998,0.007830965189870,11357,0.010520689546600,0.707315293006000,11359,4316,Mzv,MZv4;0,CAMZv4;0,CA001,Late Jurassic to Early Cretaceous,felsic volcanic rock,intermediate volcanic rock,18392.694525865933000,9198122.517658947000000
19,1,11046360,31.847458499999998,0.007830965189870,11421,0.013039584528900,1.036130394910000,11423,4383,E,EO;0,CAEO;0,CA001,Paleocene to Oligocene,mudstone,sandstone,27409.231300587559000,14178680.645737521000000
20,1,11046360,31.847458499999998,0.007830965189870,11426,0.004983353397720,0.379426293818000,11428,4388,M,MI;0,CAMI;0,CA001,Oligocene to Pliocene,sandstone,mudstone,11813.975206540359000,3226426.936904441600000
21,1,11046360,31.847458499999998,0.007830965189870,11432,0.000438665168349,0.134971708362000,11434,4398,Ep,PN1;0,CAPN1;0,CA001,Paleocene,sandstone,mudstone,11902.826617268573000,3761575.302286327400000
22,1,11046360,31.847458499999998,0.007830965189870,11468,0.000053094090271,0.032703080807500,11470,4435,Ep,PN1;0,CAPN1;0,CA001,Paleocene,sandstone,mudstone,3405.004523224581600,550420.828676020730000
23,1,11046360,31.847458499999998,0.007830965189870,11507,0.000366663471066,0.160883132392000,11509,4462,Q,Q;0,CAQ;0,CA001,Pliocene to Holocene,alluvium,terrace,5725.438827800761800,711220.660735042180000
24,2,11111500,49.685162669999997,0.003740660000000,9427,0.033380739950200,1.178337102700000,9429,11629,E,EO;0,CAEO;0,CA001,Paleocene to Oligocene,mudstone,sandstone,37363.036785461481000,25594893.686987076000000
25,2,11111500,49.685162669999997,0.003740660000000,9513,0.017146178236700,1.340466357980000,9515,11646,E,EO;0,CAEO;0,CA001,Paleocene to Oligocene,mudstone,sandstone,41785.455430885362000,35948985.604019992000000
26,2,11111500,49.685162669999997,0.003740660000000,9569,0.002189663591140,0.675503069227000,9571,11655,Oc,OGc2;0,CAOGc2;0,CA001,middle Eocene to early Miocene,sandstone,conglomerate,46140.475616882934000,15762386.918789051000000
27,2,11111500,49.685162669999997,0.003740660000000,9580,0.002281009887050,0.372732338484000,9582,11660,M,MI;0,CAMI;0,CA001,Oligocene to Pliocene,sandstone,mudstone,35755.944339527785000,22414864.669347920000000
28,2,11111500,49.685162669999997,0.003740660000000,9677,0.007940502710980,0.655756272059000,9679,11673,E,EO;0,CAEO;0,CA001,Paleocene to Oligocene,mudstone,sandstone,53986.887898653826000,29216992.980120465000000
29,3,11132500,47.055358349999999,0.000947805732484,9577,0.036861773283200,3.520232318200000,9579,11659,M,MI;0,CAMI;0,CA001,Oligocene to Pliocene,sandstone,mudstone,83557.104861495944000,52610241.674546689000000
30,3,11132500,47.055358349999999,0.000947805732484,9724,0.003277705303950,0.698024155429000,9726,11693,E,EO;0,CAEO;0,CA001,Paleocene to Oligocene,mudstone,sandstone,69577.647080074370000,32362365.527520511000000
31,3,11132500,47.055358349999999,0.000947805732484,9731,0.000344434671628,0.100031936580000,9733,11696,Kl,Kl;0,CAKl;0,CA001,Early Cretaceous,mudstone,sandstone,9635.830670661671300,3508283.041536282700000
32,3,11132500,47.055358349999999,0.000947805732484,9741,0.000717701135707,0.150524839756000,9743,11704,M,MI;0,CAMI;0,CA001,Oligocene to Pliocene,sandstone,mudstone,15304.450596505700000,7312106.679298287300000
33,3,11132500,47.055358349999999,0.000947805732484,9746,0.000315242005126,0.093444455393000,9748,11708,K,K1;0,CAK1;0,CA001,Early to Late Cretaceous,mudstone,sandstone,9565.639471395790700,3211536.901864666500000
34,3,11132500,47.055358349999999,0.000947805732484,9757,0.000672997940937,0.317832988538000,9759,11714,Oc,OGc2;0,CAOGc2;0,CA001,middle Eocene to early Miocene,sandstone,conglomerate,562.909625119920290,3362.089197280121000
35,3,11132500,47.055358349999999,0.000947805732484,9768,0.000733902408866,0.140581526363000,9770,11719,O,OG;0,CAOG;0,CA001,Eocene to Miocene,sandstone,mudstone,14263.676598258926000,7479315.919750653200000
36,3,11132500,47.055358349999999,0.000947805732484,9778,0.001420905670000,0.234974182000000,9780,11724,Ku,Ku1;0,CAKu1;0,CA001,Late Cretaceous,sandstone,mudstone,22284.954890335302000,9981092.038268130300000
37,3,11132500,47.055358349999999,0.000947805732484,9829,0.000380211599373,0.141956424338000,9831,11746,O,OG;0,CAOG;0,CA001,Eocene to Miocene,sandstone,mudstone,7992.013931050350000,1772260.951956376400000
38,3,11132500,47.055358349999999,0.000947805732484,9835,0.001254213812940,0.250846377786000,9837,11747,E,EO;0,CAEO;0,CA001,Paleocene to Oligocene,mudstone,sandstone,10691.939906629412000,3534199.329411015800000
39,3,11132500,47.055358349999999,0.000947805732484,9871,0.000483085414100,0.171969818344000,9873,11756,Ku,Ku1;0,CAKu1;0,CA001,Late Cretaceous,sandstone,mudstone,2494.216629728390700,177817.812997101720000
40,4,11134800,10.434429720000001,0.100480196552000,9334,0.026073821739400,1.749929229630000,9336,11604,Q,Q;0,CAQ;0,CA001,Pliocene to Holocene,alluvium,terrace,3278.115123535350900,455075.005527737900000
41,4,11134800,10.434429720000001,0.100480196552000,9577,0.036861773283200,3.520232318200000,9579,11659,M,MI;0,CAMI;0,CA001,Oligocene to Pliocene,sandstone,mudstone,31935.870570063566000,24769395.160305619000000
42,4,11134800,10.434429720000001,0.100480196552000,9663,0.001843788082680,0.248061318178000,9665,11667,E,EO;0,CAEO;0,CA001,Paleocene to Oligocene,mudstone,sandstone,9743.840071956377900,1814841.183574958700000
43,5,11141280,20.852179920000001,0.002288042105260,8046,0.005256503536150,0.796998407808000,8048,11161,Ku,Ku1;0,CAKu1;0,CA001,Late Cretaceous,sandstone,mudstone,26801.549495472409000,11191277.874126138000000
44,5,11141280,20.852179920000001,0.002288042105260,8137,0.001955081598010,0.554874604897000,8139,11193,KJf,KJf1;0,CAKJf1;0,CA001,Jurassic to Cretaceous,sandstone,mudstone,3959.652056303708400,253444.110869439140000
45,5,11141280,20.852179920000001,0.002288042105260,8141,0.087477042542900,5.197576666700000,8143,11195,M,MI;0,CAMI;0,CA001,Oligocene to Pliocene,sandstone,mudstone,44576.608903027838000,42586523.767338552000000
46,6,11151300,232.897527720000000,0.000439795193133,5901,0.016982695872800,1.519154957940000,5903,10214,P,PO;0,CAPO;0,CA001,Miocene to Pleistocene,sandstone,mudstone,33020.080130499788000,17719181.570272185000000
47,6,11151300,232.897527720000000,0.000439795193133,6046,0.069254130453200,3.687432543430000,6048,10272,Ku,Ku1;0,CAKu1;0,CA001,Late Cretaceous,sandstone,mudstone,25111.524429143756000,5477286.922978137600000
48,6,11151300,232.897527720000000,0.000439795193133,6242,0.017459597704500,1.648721330030000,6244,10364,QPc,QPOc;0,CAQPOc;0,CA001,Miocene to Pleistocene,sandstone,conglomerate,46686.869895082826000,13729657.841119615000000
49,6,11151300,232.897527720000000,0.000439795193133,6277,0.000708667342696,0.208837605101000,6279,10375,Mc,MIc;0,CAMIc;0,CA001,Oligocene to Pleistocene,sandstone,conglomerate,3549.050716987133000,148552.159888058230000
50,6,11151300,232.897527720000000,0.000439795193133,6406,0.004694874569070,1.284701772930000,6408,10439,Q,Q;0,CAQ;0,CA001,Pliocene to Holocene,alluvium,terrace,124849.165713430880000,46061400.535605378000000
51,6,11151300,232.897527720000000,0.000439795193133,6409,0.070620516525300,6.907739491390000,6411,10440,P,PO;0,CAPO;0,CA001,Miocene to Pleistocene,sandstone,mudstone,260712.587405213040000,170053393.267264280000000
52,6,11151300,232.897527720000000,0.000439795193133,6421,0.000537727505115,0.177273130794000,6423,10445,K,K1;0,CAK1;0,CA001,Early to Late Cretaceous,mudstone,sandstone,17744.805689306449000,5354883.822665106500000
53,6,11151300,232.897527720000000,0.000439795193133,6423,0.000786748546066,0.321167089014000,6425,10447,QPc,QPOc;0,CAQPOc;0,CA001,Miocene to Pleistocene,sandstone,conglomerate,32272.853718889626000,7837684.007093261000000
54,6,11151300,232.897527720000000,0.000439795193133,6439,0.054543753921400,3.833725448470000,6441,10458,P,PO;0,CAPO;0,CA001,Miocene to Pleistocene,sandstone,mudstone,132405.362131403880000,164375752.475217160000000
55,6,11151300,232.897527720000000,0.000439795193133,6483,0.000310099583000,0.117833187120000,6485,10472,um,um3;0,CAum3;0,CA001,Middle to Late Jurassic,serpentinite,peridotite,4246.953057313521600,509240.025961784010000
56,6,11151300,232.897527720000000,0.000439795193133,6489,0.000293477656989,0.193667314632000,6491,10476,M,MI;0,CAMI;0,CA001,Oligocene to Pliocene,sandstone,mudstone,13356.997202917690000,2164626.367777230200000
57,6,11151300,232.897527720000000,0.000439795193133,6491,0.001003048750750,0.231295584750000,6493,10482,Ku,Ku1;0,CAKu1;0,CA001,Late Cretaceous,sandstone,mudstone,1158.727376331387200,60648.973350704764000
58,6,11151300,232.897527720000000,0.000439795193133,6494,0.000261703822819,0.089228657902700,6496,10483,QPc,QPOc;0,CAQPOc;0,CA001,Miocene to Pleistocene,sandstone,conglomerate,9188.283830559952500,2607303.942354275400000
59,6,11151300,232.897527720000000,0.000439795193133,6514,0.000215140510915,0.101018559364000,6516,10497,KJf,KJf1;0,CAKJf1;0,CA001,Jurassic to Cretaceous,sandstone,mudstone,10102.465141718476000,2144733.898185753700000
60,6,11151300,232.897527720000000,0.000439795193133,6535,0.000185587656955,0.082230262555700,6537,10506,Mzv,MZv1;0,CAMZv1;0,CA001,Jurassic to Cretaceous,greenstone,basalt,8328.147809033655000,1824000.091411048800000
61,6,11151300,232.897527720000000,0.000439795193133,6543,0.000592019651407,0.196569399382000,6545,10511,QPc,QPOc;0,CAQPOc;0,CA001,Miocene to Pleistocene,sandstone,conglomerate,19411.670495512033000,5900714.427028211800000
62,6,11151300,232.897527720000000,0.000439795193133,6551,0.000778406488698,0.244950647747000,6553,10516,KJf,KJf1;0,CAKJf1;0,CA001,Jurassic to Cretaceous,sandstone,mudstone,24957.380653112017000,6978725.891961338000000
63,6,11151300,232.897527720000000,0.000439795193133,6553,0.002775098067510,0.562951630258000,6555,10515,grMz,grMZ1;0,CAgrMZ1;0,CA001,Early to Late Cretaceous,granodiorite,quartz monzonite,37600.782070976129000,15808207.105558515000000
64,6,11151300,232.897527720000000,0.000439795193133,6592,0.000339361875632,0.119422543903000,6594,10528,Kl,Kl;0,CAKl;0,CA001,Early Cretaceous,mudstone,sandstone,12041.893343372536000,3383645.348070500900000
65,6,11151300,232.897527720000000,0.000439795193133,6593,0.000191668809166,0.101660414868000,6595,10530,um,um3;0,CAum3;0,CA001,Middle to Late Jurassic,serpentinite,peridotite,10203.081824498833000,1911309.592414846600000
66,6,11151300,232.897527720000000,0.000439795193133,6594,0.004677342801420,0.548120268247000,6596,10534,P,PO;0,CAPO;0,CA001,Miocene to Pleistocene,sandstone,mudstone,20683.082173984047000,12699354.024949152000000
67,6,11151300,232.897527720000000,0.000439795193133,6602,0.000455424852781,0.134590161403000,6604,10539,um,um3;0,CAum3;0,CA001,Middle to Late Jurassic,serpentinite,peridotite,12855.011361045099000,4540984.822647821200000
68,6,11151300,232.897527720000000,0.000439795193133,6605,0.000598342919774,0.151159863762000,6607,10537,grMz,grMZ1;0,CAgrMZ1;0,CA001,Early to Late Cretaceous,granodiorite,quartz monzonite,14727.289233388638000,5965117.204885252800000
69,6,11151300,232.897527720000000,0.000439795193133,6625,0.000841580343372,0.303556953806000,6627,10549,QPc,QPOc;0,CAQPOc;0,CA001,Miocene to Pleistocene,sandstone,conglomerate,30497.735589023010000,8396805.497344870100000
70,6,11151300,232.897527720000000,0.000439795193133,6644,0.007528437594510,1.337363519870000,6646,10554,KJf,KJf1;0,CAKJf1;0,CA001,Jurassic to Cretaceous,sandstone,mudstone,70876.995186196989000,39654369.040343888000000
71,6,11151300,232.897527720000000,0.000439795193133,6648,0.000790279895987,0.204869340491000,6650,10555,QPc,QPOc;0,CAQPOc;0,CA001,Miocene to Pleistocene,sandstone,conglomerate,8106.407147605865200,612616.001903454770000
72,6,11151300,232.897527720000000,0.000439795193133,6651,0.001495835109620,0.305787016977000,6653,10558,M,MI;0,CAMI;0,CA001,Oligocene to Pliocene,sandstone,mudstone,30213.285589101491000,14925975.913907534000000
73,6,11151300,232.897527720000000,0.000439795193133,6663,0.000347612982774,0.130805681453000,6665,10564,QPc,QPOc;0,CAQPOc;0,CA001,Miocene to Pleistocene,sandstone,conglomerate,5455.719971451106200,811073.288056903520000
74,6,11151300,232.897527720000000,0.000439795193133,6666,0.007244040519400,0.651022376328000,6668,10567,Kl,Kl;0,CAKl;0,CA001,Early Cretaceous,mudstone,sandstone,15288.349713571721000,5009579.162559886500000
75,6,11151300,232.897527720000000,0.000439795193133,6669,0.000115104130397,0.060037464439500,6671,10566,QPc,QPOc;0,CAQPOc;0,CA001,Miocene to Pleistocene,sandstone,conglomerate,6059.891713339405200,615685.973717747490000
76,6,11151300,232.897527720000000,0.000439795193133,6670,0.000101703534470,0.064701467490600,6672,10568,Kl,Kl;0,CAKl;0,CA001,Early Cretaceous,mudstone,sandstone,6336.622463882629700,1014781.504690198700000
77,6,11151300,232.897527720000000,0.000439795193133,6672,0.000080796475138,0.044471572129100,6674,10571,P,PO;0,CAPO;0,CA001,Miocene to Pleistocene,sandstone,mudstone,4114.635158785876200,542998.694509087360000
78,6,11151300,232.897527720000000,0.000439795193133,6682,0.000425513255912,0.145287179067000,6684,10575,QPc,QPOc;0,CAQPOc;0,CA001,Miocene to Pleistocene,sandstone,conglomerate,696.569676341710420,16947.938637677416000
79,6,11151300,232.897527720000000,0.000439795193133,6685,0.000385417245233,0.134846126971000,6687,10576,um,um3;0,CAum3;0,CA001,Middle to Late Jurassic,serpentinite,peridotite,13386.992461501186000,3846557.431392930000000
80,6,11151300,232.897527720000000,0.000439795193133,6703,0.000285761011568,0.100081004642000,6705,10586,um,um3;0,CAum3;0,CA001,Middle to Late Jurassic,serpentinite,peridotite,9891.723555543212600,2851946.310333364200000
81,6,11151300,232.897527720000000,0.000439795193133,6708,0.000175503903830,0.072332347970900,6710,10595,um,um3;0,CAum3;0,CA001,Middle to Late Jurassic,serpentinite,peridotite,7259.176127989323500,1751789.973905204300000
82,6,11151300,232.897527720000000,0.000439795193133,6724,0.000167917003096,0.071934595339600,6726,10599,KJf,KJf1;0,CAKJf1;0,CA001,Jurassic to Cretaceous,sandstone,mudstone,7575.745459570313900,1676215.751152813200000
83,6,11151300,232.897527720000000,0.000439795193133,6735,0.001356909814610,0.234236792751000,6737,10612,J,J2;0,CAJ2;0,CA001,Late Jurassic to Early Cretaceous,mudstone,sandstone,2273.364688803660100,250622.002851589260000
84,6,11151300,232.897527720000000,0.000439795193133,6749,0.000241192312495,0.076315232013400,6751,10616,M,MI;0,CAMI;0,CA001,Oligocene to Pliocene,sandstone,mudstone,7750.901177523005600,2408210.925541536900000
85,6,11151300,232.897527720000000,0.000439795193133,6756,0.000325490822387,0.113729141857000,6758,10620,um,um3;0,CAum3;0,CA001,Middle to Late Jurassic,serpentinite,peridotite,11227.036366110638000,3250151.313272310000000
86,6,11151300,232.897527720000000,0.000439795193133,6761,0.001107488634590,0.250350163600000,6763,10622,QPc,QPOc;0,CAQPOc;0,CA001,Miocene to Pleistocene,sandstone,conglomerate,7997.579060371707800,3050750.616328998000000
87,6,11151300,232.897527720000000,0.000439795193133,6770,0.000315051110639,0.130826784194000,6772,10625,M,MI;0,CAMI;0,CA001,Oligocene to Pliocene,sandstone,mudstone,12860.869218417152000,3146158.407335761500000
88,6,11151300,232.897527720000000,0.000439795193133,6799,0.000077179304196,0.040065896554000,6801,10634,M,MI;0,CAMI;0,CA001,Oligocene to Pliocene,sandstone,mudstone,3874.286101796807100,770798.527399024690000
89,6,11151300,232.897527720000000,0.000439795193133,6800,0.000195696074803,0.102465004780000,6802,10635,KJf,KJf1;0,CAKJf1;0,CA001,Jurassic to Cretaceous,sandstone,mudstone,9660.207074867845200,1940321.405969356400000
90,6,11151300,232.897527720000000,0.000439795193133,6813,0.000495533658190,0.159581140659000,6815,10640,um,um3;0,CAum3;0,CA001,Middle to Late Jurassic,serpentinite,peridotite,12827.994140164201000,3509168.048611821600000
91,6,11151300,232.897527720000000,0.000439795193133,6835,0.007108596548270,0.946605981528000,6837,10648,M,MI;0,CAMI;0,CA001,Oligocene to Pliocene,sandstone,mudstone,11556.778443995654000,2920651.223698734800000
92,6,11151300,232.897527720000000,0.000439795193133,6844,0.000613219928392,0.198178766668000,6846,10650,Kl,Kl;0,CAKl;0,CA001,Early Cretaceous,mudstone,sandstone,9091.356876575349800,1295409.943478194300000
93,6,11151300,232.897527720000000,0.000439795193133,6858,0.001330991345220,0.191859784438000,6860,10656,P,PO;0,CAPO;0,CA001,Miocene to Pleistocene,sandstone,mudstone,8226.690365580401700,1753837.852242065600000
94,7,11154700,14.201916300000001,0.020557496551700,6392,0.011248899889800,0.636513162844000,6394,10430,um,um3;0,CAum3;0,CA001,Middle to Late Jurassic,serpentinite,peridotite,37102.786280702101000,35318206.391865723000000
95,7,11154700,14.201916300000001,0.020557496551700,6413,0.000696997519350,0.224021473297000,6415,10443,Kl,Kl;0,CAKl;0,CA001,Early Cretaceous,mudstone,sandstone,3213.819233864591800,131305.165825850390000
96,7,11154700,14.201916300000001,0.020557496551700,6450,0.000044241320060,0.025677552959600,6452,10462,KJf,KJf1;0,CAKJf1;0,CA001,Jurassic to Cretaceous,sandstone,mudstone,2530.358313717224100,440642.101361849870000
97,7,11154700,14.201916300000001,0.020557496551700,6459,0.002960566740920,0.380955091514000,6461,10467,KJf,KJf1;0,CAKJf1;0,CA001,Jurassic to Cretaceous,sandstone,mudstone,8189.703472719209500,901865.598535580790000
98,8,11160000,40.262971319999998,0.001566450746270,4719,0.013455440310700,1.304704870370000,4721,9514,M,MI;0,CAMI;0,CA001,Oligocene to Pliocene,sandstone,mudstone,5145.069392635907200,464835.330757389140000
99,8,11160000,40.262971319999998,0.001566450746270,4887,0.001257469931280,0.319341386272000,4889,9615,O,OG;0,CAOG;0,CA001,Eocene to Miocene,sandstone,mudstone,3492.536665802591900,126983.302576328420000
100,8,11160000,40.262971319999998,0.001566450746270,4896,0.003177019268940,0.983197471279000,4898,9622,O,OG;0,CAOG;0,CA001,Eocene to Miocene,sandstone,mudstone,40844.609965199830000,12819192.044064604000000
101,8,11160000,40.262971319999998,0.001566450746270,4903,0.002963471103640,0.580750711575000,4905,9627,E,EO;0,CAEO;0,CA001,Paleocene to Oligocene,mudstone,sandstone,21025.718285380233000,5533903.009363984700000
102,8,11160000,40.262971319999998,0.001566450746270,4911,0.007728530712160,1.129798098070000,4913,9639,M,MI;0,CAMI;0,CA001,Oligocene to Pliocene,sandstone,mudstone,24420.167849050049000,12520061.979642954000000
103,8,11160000,40.262971319999998,0.001566450746270,5021,0.003051388134420,0.639211012752000,5023,9724,Ku,Ku1;0,CAKu1;0,CA001,Late Cretaceous,sandstone,mudstone,25693.122646969125000,5563693.216783836500000
104,8,11160000,40.262971319999998,0.001566450746270,5047,0.008156622551320,0.907553805628000,5049,9733,M,MI;0,CAMI;0,CA001,Oligocene to Pliocene,sandstone,mudstone,1312.532874511221500,40169.247346057673000
105,8,11160000,40.262971319999998,0.001566450746270,5065,0.000203705336491,0.119361349967000,5067,9756,M,MI;0,CAMI;0,CA001,Oligocene to Pliocene,sandstone,mudstone,11484.038809033407000,1996452.605927570000000
106,8,11160000,40.262971319999998,0.001566450746270,5070,0.000428094839940,0.202238963788000,5072,9758,E,EO;0,CAEO;0,CA001,Paleocene to Oligocene,mudstone,sandstone,19284.212430239906000,3991933.235347284900000
107,8,11160000,40.262971319999998,0.001566450746270,5083,0.008829995811090,1.206458110870000,5085,9764,P,PO;0,CAPO;0,CA001,Miocene to Pleistocene,sandstone,mudstone,31467.719899935775000,14974454.399636917000000
108,8,11160000,40.262971319999998,0.001566450746270,5104,0.000716470941493,0.286807996963000,5106,9780,E,EO;0,CAEO;0,CA001,Paleocene to Oligocene,mudstone,sandstone,10121.982488112204000,1964356.032485451800000
109,8,11160000,40.262971319999998,0.001566450746270,5112,0.004593470637220,0.726829901124000,5114,9787,E,EO;0,CAEO;0,CA001,Paleocene to Oligocene,mudstone,sandstone,20332.984799888938000,5638392.777785291000000
110,8,11160000,40.262971319999998,0.001566450746270,5116,0.004981179243960,0.761947508321000,5118,9795,M,MI;0,CAMI;0,CA001,Oligocene to Pliocene,sandstone,mudstone,18671.967023389439000,3390587.319544398200000
111,8,11160000,40.262971319999998,0.001566450746270,5138,0.000107114185039,0.057497302457500,5140,9818,Ku-Ep,Ku-PE;0,CAKu-PE;0,CA001,Late Cretaceous to Paleocene,sandstone,conglomerate,5408.042379656121700,829597.796319721030000
112,8,11160000,40.262971319999998,0.001566450746270,5139,0.000809048421465,0.196871603882000,5141,9816,M,MI;0,CAMI;0,CA001,Oligocene to Pliocene,sandstone,mudstone,12118.957334542170000,2290588.503047043000000
113,8,11160000,40.262971319999998,0.001566450746270,5158,0.009969360534750,0.762241782866000,5160,9825,P,PO;0,CAPO;0,CA001,Miocene to Pleistocene,sandstone,mudstone,37393.686733067159000,31519759.539784957000000
114,8,11160000,40.262971319999998,0.001566450746270,5183,0.000056415864089,0.035488984580800,5185,9842,grMz,grMZ1;0,CAgrMZ1;0,CA001,Early to Late Cretaceous,granodiorite,quartz monzonite,3383.277296737541700,556516.292288225260000
115,9,11169500,8.822423610000000,0.043121083514100,4719,0.013455440310700,1.304704870370000,4721,9514,M,MI;0,CAMI;0,CA001,Oligocene to Pliocene,sandstone,mudstone,17770.578548330501000,12040051.456731554000000
116,9,11169500,8.822423610000000,0.043121083514100,4728,0.003036102911370,0.595700498102000,4730,9517,KJf,KJf1;0,CAKJf1;0,CA001,Jurassic to Cretaceous,sandstone,mudstone,16320.881759578957000,4386777.291651357900000
117,9,11169500,8.822423610000000,0.043121083514100,4742,0.002024406514350,0.285800802818000,4744,9519,QPc,QPOc;0,CAQPOc;0,CA001,Miocene to Pleistocene,sandstone,conglomerate,5427.701867559461800,1116336.522243416400000
118,9,11169500,8.822423610000000,0.043121083514100,4747,0.002268156910060,0.571023665432000,4749,9524,Mzv,MZv1;0,CAMZv1;0,CA001,Jurassic to Cretaceous,greenstone,basalt,14422.283619750817000,5292469.676380515100000
119,10,11172945,33.622784910000000,0.009693240540540,4404,0.024049583016700,2.421740869980000,4406,9261,KJfm,KJfm;0,CAKJfm;0,CA001,Jurassic to Cretaceous,melange, ,91375.863024177306000,53705559.394141048000000
120,10,11172945,33.622784910000000,0.009693240540540,4472,0.003053022854340,0.251403150435000,4474,9321,KJf,KJf1;0,CAKJf1;0,CA001,Jurassic to Cretaceous,sandstone,mudstone,4141.423630825339400,496441.291022914350000
121,10,11172945,33.622784910000000,0.009693240540540,4484,0.001535161252480,0.280744720434000,4486,9323,KJf,KJf1;0,CAKJf1;0,CA001,Jurassic to Cretaceous,sandstone,mudstone,15233.582649308240000,4518040.602456522200000
122,10,11172945,33.622784910000000,0.009693240540540,4537,0.001366499187360,0.514379012422000,4539,9371,KJfm,KJfm;0,CAKJfm;0,CA001,Jurassic to Cretaceous,melange, ,3682.483310793019400,331332.659262780920000
123,10,11172945,33.622784910000000,0.009693240540540,4544,0.020471287409100,1.728669126690000,4546,9375,KJf,KJf1;0,CAKJf1;0,CA001,Jurassic to Cretaceous,sandstone,mudstone,8255.221501211573900,2105579.329498139200000
124,10,11172945,33.622784910000000,0.009693240540540,4546,0.000462788599403,0.113656878414000,4548,9380,KJf,KJf1;0,CAKJf1;0,CA001,Jurassic to Cretaceous,sandstone,mudstone,12011.176444297726000,4541100.328985846600000
125,10,11172945,33.622784910000000,0.009693240540540,4549,0.000867806045331,0.163414419224000,4551,9383,KJf,KJf1;0,CAKJf1;0,CA001,Jurassic to Cretaceous,sandstone,mudstone,11443.683826903287000,4747925.402689798700000
126,10,11172945,33.622784910000000,0.009693240540540,4575,0.000311485999918,0.094440594212800,4577,9403,KJf,KJf1;0,CAKJf1;0,CA001,Jurassic to Cretaceous,sandstone,mudstone,10480.309976004039000,2527119.457159428900000
127,10,11172945,33.622784910000000,0.009693240540540,4579,0.023220411519700,1.958040844160000,4581,9409,KJfm,KJfm;0,CAKJfm;0,CA001,Jurassic to Cretaceous,melange, ,27204.302175734560000,14069438.288880704000000
128,11,11176400,130.890100770000000,0.006846929000000,4332,0.031093190704300,1.446436577550000,4334,9206,KJfm,KJfm;0,CAKJfm;0,CA001,Jurassic to Cretaceous,melange, ,27515.028229624801000,10450996.859737769000000
129,11,11176400,130.890100770000000,0.006846929000000,4344,0.006050838862370,0.625890784813000,4346,9214,KJfm,KJfm;0,CAKJfm;0,CA001,Jurassic to Cretaceous,melange, ,23830.285028694216000,11745383.784763455000000
130,11,11176400,130.890100770000000,0.006846929000000,4348,0.002311244758560,0.302612101228000,4350,9219,Ku,Ku1;0,CAKu1;0,CA001,Late Cretaceous,sandstone,mudstone,3085.776849231075200,389140.263851466530000
131,11,11176400,130.890100770000000,0.006846929000000,4385,0.000890366560267,0.172897554582000,4387,9246,KJf,KJf1;0,CAKJf1;0,CA001,Jurassic to Cretaceous,sandstone,mudstone,10315.517409982926000,2618087.433837802600000
132,11,11176400,130.890100770000000,0.006846929000000,4404,0.024049583016700,2.421740869980000,4406,9261,KJfm,KJfm;0,CAKJfm;0,CA001,Jurassic to Cretaceous,melange, ,134124.216907552730000,99512741.173179090000000
133,11,11176400,130.890100770000000,0.006846929000000,4425,0.000285302041021,0.063551206234700,4427,9285,um,um3;0,CAum3;0,CA001,Middle to Late Jurassic,serpentinite,peridotite,4350.174163984842400,478614.868546610640000
134,11,11176400,130.890100770000000,0.006846929000000,4428,0.000226084158105,0.120366683114000,4430,9286,um,um3;0,CAum3;0,CA001,Middle to Late Jurassic,serpentinite,peridotite,5873.287129618359400,589814.143326612890000
135,11,11176400,130.890100770000000,0.006846929000000,4468,0.000714356584098,0.176565481405000,4470,9318,KJf,KJf1;0,CAKJf1;0,CA001,Jurassic to Cretaceous,sandstone,mudstone,16927.806624867022000,7005015.486164823200000
136,11,11176400,130.890100770000000,0.006846929000000,4472,0.003053022854340,0.251403150435000,4474,9321,KJf,KJf1;0,CAKJf1;0,CA001,Jurassic to Cretaceous,sandstone,mudstone,26505.922708722046000,29451593.898818150000000
137,11,11176400,130.890100770000000,0.006846929000000,4484,0.001535161252480,0.280744720434000,4486,9323,KJf,KJf1;0,CAKJf1;0,CA001,Jurassic to Cretaceous,sandstone,mudstone,11078.464490816858000,2761610.221305212900000
138,11,11176400,130.890100770000000,0.006846929000000,4485,0.001097040357500,0.233255681114000,4487,9326,um,um3;0,CAum3;0,CA001,Middle to Late Jurassic,serpentinite,peridotite,14918.129735643830000,7407322.805913477200000
139,11,11176400,130.890100770000000,0.006846929000000,4509,0.002262512240280,0.244357754775000,4511,9349,KJf,KJf1;0,CAKJf1;0,CA001,Jurassic to Cretaceous,sandstone,mudstone,29215.265096992396000,16670902.054034600000000
140,11,11176400,130.890100770000000,0.006846929000000,4609,0.055410941248300,1.422752784410000,4611,9427,KJfm,KJfm;0,CAKJfm;0,CA001,Jurassic to Cretaceous,melange, ,56574.772274804222000,67577617.204192907000000
141,11,11176400,130.890100770000000,0.006846929000000,4614,0.000119940088158,0.046342625803600,4616,9432,Mzv,MZv1;0,CAMZv1;0,CA001,Jurassic to Cretaceous,greenstone,basalt,4800.517001911983200,1111870.522977197800000
142,11,11176400,130.890100770000000,0.006846929000000,4631,0.002955317403010,0.401020343483000,4633,9445,um,um3;0,CAum3;0,CA001,Middle to Late Jurassic,serpentinite,peridotite,17795.624711711924000,6715490.592924314600000
143,11,11176400,130.890100770000000,0.006846929000000,4632,0.017276455845200,0.770604400618000,4634,9450,KJf,KJf1;0,CAKJf1;0,CA001,Jurassic to Cretaceous,sandstone,mudstone,46531.122971026343000,74386114.047210619000000
144,12,11180825,17.962105590000000,0.002105245000000,3879,0.013192310706100,1.347902375700000,3881,8798,QPc,QPOc;0,CAQPOc;0,CA001,Miocene to Pleistocene,sandstone,conglomerate,11513.803897244474000,4567020.173115117500000
145,12,11180825,17.962105590000000,0.002105245000000,4021,0.020141984071600,1.478914382380000,4023,8938,K,K1;0,CAK1;0,CA001,Early to Late Cretaceous,mudstone,sandstone,41423.552955275525000,31112439.981061734000000
146,12,11180825,17.962105590000000,0.002105245000000,4080,0.002230558999370,0.414948877084000,4082,8986,M,MI;0,CAMI;0,CA001,Oligocene to Pliocene,sandstone,mudstone,20990.709571536092000,8366359.938391028900000
147,12,11180825,17.962105590000000,0.002105245000000,4100,0.001402505919770,0.197770312376000,4102,9008,M,MI;0,CAMI;0,CA001,Oligocene to Pliocene,sandstone,mudstone,8833.779867535002300,2447790.977427600900000
148,13,11180900,10.514004930000000,0.001333802857140,3879,0.013192310706100,1.347902375700000,3881,8798,QPc,QPOc;0,CAQPOc;0,CA001,Miocene to Pleistocene,sandstone,conglomerate,22113.028984717886000,11216895.309188982000000
149,13,11180900,10.514004930000000,0.001333802857140,4008,0.001214399886770,0.229656943625000,4010,8929,M,MI;0,CAMI;0,CA001,Oligocene to Pliocene,sandstone,mudstone,13862.411831447263000,4762421.181168914800000
150,13,11180900,10.514004930000000,0.001333802857140,4021,0.020141984071600,1.478914382380000,4023,8938,K,K1;0,CAK1;0,CA001,Early to Late Cretaceous,mudstone,sandstone,9151.442625621304600,2540079.109160467500000
151,13,11180900,10.514004930000000,0.001333802857140,4080,0.002230558999370,0.414948877084000,4082,8986,M,MI;0,CAMI;0,CA001,Oligocene to Pliocene,sandstone,mudstone,13665.890861297565000,3973940.551442582600000
152,13,11180900,10.514004930000000,0.001333802857140,4100,0.001402505919770,0.197770312376000,4102,9008,M,MI;0,CAMI;0,CA001,Oligocene to Pliocene,sandstone,mudstone,13119.432249803534000,4381176.687605025200000
153,13,11180900,10.514004930000000,0.001333802857140,4104,0.000809248611726,0.176391064996000,4106,9013,QPc,QPOc;0,CAQPOc;0,CA001,Miocene to Pleistocene,sandstone,conglomerate,2835.091223782087600,339911.453517572900000
154,14,11180960,5.815592640000000,0.004420145077720,3879,0.013192310706100,1.347902375700000,3881,8798,QPc,QPOc;0,CAQPOc;0,CA001,Miocene to Pleistocene,sandstone,conglomerate,19282.179081130264000,9358303.753873169400000
155,14,11180960,5.815592640000000,0.004420145077720,4008,0.001214399886770,0.229656943625000,4010,8929,M,MI;0,CAMI;0,CA001,Oligocene to Pliocene,sandstone,mudstone,5821.997267669688900,1043828.777097087900000
156,14,11180960,5.815592640000000,0.004420145077720,4021,0.020141984071600,1.478914382380000,4023,8938,K,K1;0,CAK1;0,CA001,Early to Late Cretaceous,mudstone,sandstone,9426.335585098264300,2229534.016931455600000
157,14,11180960,5.815592640000000,0.004420145077720,4080,0.002230558999370,0.414948877084000,4082,8986,M,MI;0,CAMI;0,CA001,Oligocene to Pliocene,sandstone,mudstone,9544.711093105806900,2421247.804188646800000
158,15,11182500,6.060225600000000,0.028900780984700,3879,0.013192310706100,1.347902375700000,3881,8798,QPc,QPOc;0,CAQPOc;0,CA001,Miocene to Pleistocene,sandstone,conglomerate,20009.943908661662000,10282414.870728919000000
159,15,11182500,6.060225600000000,0.028900780984700,3999,0.018329333308600,1.673619580800000,4001,8913,Q,Q;0,CAQ;0,CA001,Pliocene to Holocene,alluvium,terrace,1406.344855492412800,52207.778109253508000
160,15,11182500,6.060225600000000,0.028900780984700,4001,0.001222323259640,0.162536649933000,4003,8920,M,MI;0,CAMI;0,CA001,Oligocene to Pliocene,sandstone,mudstone,11997.596478154837000,2225706.909479057000000
161,15,11182500,6.060225600000000,0.028900780984700,4008,0.001214399886770,0.229656943625000,4010,8929,M,MI;0,CAMI;0,CA001,Oligocene to Pliocene,sandstone,mudstone,18362.531401270335000,2050582.722319148000000
162,15,11182500,6.060225600000000,0.028900780984700,4028,0.000676122366073,0.119749992562000,4030,8949,M,MI;0,CAMI;0,CA001,Oligocene to Pliocene,sandstone,mudstone,6059.829463330803300,770579.225714123580000
163,15,11182500,6.060225600000000,0.028900780984700,4100,0.001402505919770,0.197770312376000,4102,9008,M,MI;0,CAMI;0,CA001,Oligocene to Pliocene,sandstone,mudstone,2526.517690965784800,137727.557980011650000
164,15,11182500,6.060225600000000,0.028900780984700,4104,0.000809248611726,0.176391064996000,4106,9013,QPc,QPOc;0,CAQPOc;0,CA001,Miocene to Pleistocene,sandstone,conglomerate,2262.008571634201400,167068.292189778500000
165,16,11200800,83.183893650000002,0.001393833733490,2462,2.687265156150000,117.589851802000000,2464,7412,grMz,grMZ3;0,CAgrMZ3;0,CA001,Permian to Tertiary; most Mesozoic,granodiorite,quartz monzonite,122225.838407774940000,191246548.356386130000000
166,16,11200800,83.183893650000002,0.001393833733490,6903,0.009227828478220,1.600913318540000,6905,1186,m,m;0,CAm;0,CA001,Early Proterozoic to Cretaceous,schist,gneiss,45687.976578369424000,18455112.150352776000000
167,16,11200800,83.183893650000002,0.001393833733490,7106,0.000342415364595,0.099491403587600,7108,1328,gb,gb2;0,CAgb2;0,CA001,Triassic to Cretaceous,gabbro,diorite,9282.165138273643600,3012283.872693771000000
168,16,11200800,83.183893650000002,0.001393833733490,7171,0.000198030536761,0.062420967550500,7173,1353,gb,gb2;0,CAgb2;0,CA001,Triassic to Cretaceous,gabbro,diorite,1913.919819074631100,108014.730138050320000
169,16,11200800,83.183893650000002,0.001393833733490,7173,0.000372171776787,0.099849307298800,7175,1356,m,m;0,CAm;0,CA001,Early Proterozoic to Cretaceous,schist,gneiss,9756.024651078714700,3256559.065907837400000
170,17,11224500,95.534730719999999,0.002768990396660,6046,0.069254130453200,3.687432543430000,6048,10272,Ku,Ku1;0,CAKu1;0,CA001,Late Cretaceous,sandstone,mudstone,112128.042811159410000,154283953.862708810000000
171,17,11224500,95.534730719999999,0.002768990396660,6392,0.011248899889800,0.636513162844000,6394,10430,um,um3;0,CAum3;0,CA001,Middle to Late Jurassic,serpentinite,peridotite,26278.623366464468000,17349474.034715910000000
172,17,11224500,95.534730719999999,0.002768990396660,6459,0.002960566740920,0.380955091514000,6461,10467,KJf,KJf1;0,CAKJf1;0,CA001,Jurassic to Cretaceous,sandstone,mudstone,16760.813609992216000,7300330.077026875700000
173,17,11224500,95.534730719999999,0.002768990396660,6522,0.000913138203383,0.168851232913000,6524,10504,Kl,Kl;0,CAKl;0,CA001,Early Cretaceous,mudstone,sandstone,14198.334357279693000,7557445.743236480300000
174,17,11224500,95.534730719999999,0.002768990396660,6554,0.000087079244664,0.046725043846900,6556,10518,KJf,KJf1;0,CAKJf1;0,CA001,Jurassic to Cretaceous,sandstone,mudstone,4581.904309978640400,849885.080755166830000
175,17,11224500,95.534730719999999,0.002768990396660,6581,0.000129769132984,0.080945626659200,6583,10527,um,um3;0,CAum3;0,CA001,Middle to Late Jurassic,serpentinite,peridotite,7393.123026106637600,1293750.661293575500000
176,17,11224500,95.534730719999999,0.002768990396660,6591,0.000054052493918,0.027880778703000,6593,10532,grMz,grMZ1;0,CAgrMZ1;0,CA001,Early to Late Cretaceous,granodiorite,quartz monzonite,2793.857959174664800,538955.467020625480000
177,17,11224500,95.534730719999999,0.002768990396660,6594,0.004677342801420,0.548120268247000,6596,10534,P,PO;0,CAPO;0,CA001,Miocene to Pleistocene,sandstone,mudstone,39257.693011658776000,30943103.123944815000000
178,17,11224500,95.534730719999999,0.002768990396660,6659,0.000212861655826,0.065862497923800,6661,10561,P,PO;0,CAPO;0,CA001,Miocene to Pleistocene,sandstone,mudstone,7642.481664444511800,1362604.440906760300000
179,17,11224500,95.534730719999999,0.002768990396660,6666,0.007244040519400,0.651022376328000,6668,10567,Kl,Kl;0,CAKl;0,CA001,Early Cretaceous,mudstone,sandstone,37145.763808057323000,25784911.178500686000000
180,17,11224500,95.534730719999999,0.002768990396660,6672,0.000080796475138,0.044471572129100,6674,10571,P,PO;0,CAPO;0,CA001,Miocene to Pleistocene,sandstone,mudstone,3609.325928950084300,263193.125752129130000
181,17,11224500,95.534730719999999,0.002768990396660,6735,0.001356909814610,0.234236792751000,6737,10612,J,J2;0,CAJ2;0,CA001,Late Jurassic to Early Cretaceous,mudstone,sandstone,212.696505181092140,1440.006025115769000
182,18,11253310,46.500764310000001,0.002171644612070,1473,4.056279917740000,56.764258612799999,1475,6410,Q,Q;0,CAQ;0,CA001,Pliocene to Holocene,alluvium,terrace,783.471690885236740,21972.190255902191000
183,18,11253310,46.500764310000001,0.002171644612070,5969,0.015037079294400,1.639249174520000,5971,10244,QPc,QPOc;0,CAQPOc;0,CA001,Miocene to Pleistocene,sandstone,conglomerate,6515.331638382038400,658902.045928957410000
184,18,11253310,46.500764310000001,0.002171644612070,5980,0.028926523989400,2.934449271720000,5982,10247,E,EO;0,CAEO;0,CA001,Paleocene to Oligocene,mudstone,sandstone,30560.334253275665000,22479371.609819505000000
185,18,11253310,46.500764310000001,0.002171644612070,6046,0.069254130453200,3.687432543430000,6048,10272,Ku,Ku1;0,CAKu1;0,CA001,Late Cretaceous,sandstone,mudstone,49161.672509146010000,72550405.429591179000000
186,18,11253310,46.500764310000001,0.002171644612070,6204,0.001085996035810,0.577996326556000,6206,10348,Mc,MIc;0,CAMIc;0,CA001,Oligocene to Pleistocene,sandstone,conglomerate,7225.326543661653900,938150.676414390910000
187,18,11253310,46.500764310000001,0.002171644612070,6251,0.001195769578290,0.383299340037000,6253,10368,M,MI;0,CAMI;0,CA001,Oligocene to Pliocene,sandstone,mudstone,18809.845676005862000,2364518.700558806300000
188,18,11253310,46.500764310000001,0.002171644612070,6328,0.001420080103180,0.398443210130000,6330,10405,Ep,PN1;0,CAPN1;0,CA001,Paleocene,sandstone,mudstone,4885.437963318808200,643691.053392128550000
189,18,11253310,46.500764310000001,0.002171644612070,6356,0.000473073923900,0.140271629376000,6358,10416,Ep,PN1;0,CAPN1;0,CA001,Paleocene,sandstone,mudstone,13678.775682670350000,2157360.205550527200000
190,18,11253310,46.500764310000001,0.002171644612070,6363,0.000236258966078,0.076631512081000,6365,10417,Ep,PN1;0,CAPN1;0,CA001,Paleocene,sandstone,mudstone,6595.087356020716500,568834.773529379160000
191,18,11253310,46.500764310000001,0.002171644612070,6385,0.000971641605027,0.426780087083000,6387,10427,Ep,PN1;0,CAPN1;0,CA001,Paleocene,sandstone,mudstone,8186.061289928828000,1769947.189044556800000
192,18,11253310,46.500764310000001,0.002171644612070,6386,0.000083699010793,0.040297686912300,6388,10428,Mc,MIc;0,CAMIc;0,CA001,Oligocene to Pleistocene,sandstone,conglomerate,3963.352556881108300,833494.673385677980000
193,18,11253310,46.500764310000001,0.002171644612070,6392,0.011248899889800,0.636513162844000,6394,10430,um,um3;0,CAum3;0,CA001,Middle to Late Jurassic,serpentinite,peridotite,25999.384898473421000,13028100.577779677000000
194,18,11253310,46.500764310000001,0.002171644612070,6469,0.000090940439426,0.057473366227000,6471,10469,KJf,KJf1;0,CAKJf1;0,CA001,Jurassic to Cretaceous,sandstone,mudstone,5397.479089488817400,905950.709357158050000
195,18,11253310,46.500764310000001,0.002171644612070,6522,0.000913138203383,0.168851232913000,6524,10504,Kl,Kl;0,CAKl;0,CA001,Early Cretaceous,mudstone,sandstone,8352.971716237098000,1546113.243489244300000
196,18,11253310,46.500764310000001,0.002171644612070,6554,0.000087079244664,0.046725043846900,6556,10518,KJf,KJf1;0,CAKJf1;0,CA001,Jurassic to Cretaceous,sandstone,mudstone,763.164151084831360,18195.007806190271000
197,19,11284400,16.106856480000001,0.017874604878000,2958,0.265893963068000,13.391871252200000,2960,7916,PZ,PZ4;0,CAPZ4;0,CA001,Ordovician to Triassic,argillite,quartzite,43461.650097845428000,39140470.070793577000000
198,19,11284400,16.106856480000001,0.017874604878000,3985,0.000391353314576,0.118253496588000,3987,8931,Tvp,Tvp9;0,CATvp9;0,CA001,Tertiary (2-24 Ma),andesite,rhyolite,10813.818946560439000,1272923.904698248000000
199,19,11284400,16.106856480000001,0.017874604878000,4024,0.000150121946097,0.078714296712100,4026,8967,Tvp,Tvp9;0,CATvp9;0,CA001,Tertiary (2-24 Ma),andesite,rhyolite,6874.860000742649400,1335055.750224615700000
200,20,11299600,14.410757790000000,0.000747068750000,3448,0.017418222595600,0.972795654692000,3450,8399,Mzv,MZv2;0,CAMZv2;0,CA001,Jurassic,mafic volcanic rock,intermediate volcanic rock,34652.169473149872000,16084733.155055670000000
201,20,11299600,14.410757790000000,0.000747068750000,3614,0.001470170366820,0.294577637292000,3616,8574,Mzv,MZv2;0,CAMZv2;0,CA001,Jurassic,mafic volcanic rock,intermediate volcanic rock,19196.128387957160000,3550140.999465402700000
202,20,11299600,14.410757790000000,0.000747068750000,3674,0.003702364023010,0.489187355050000,3676,8641,um,um2;0,CAum2;0,CA001,Late Proterozoic(?) to Early Jurassic,peridotite,serpentinite,21943.656078488977000,13242923.769578231000000
203,20,11299600,14.410757790000000,0.000747068750000,3744,0.000529669306899,0.165873169335000,3746,8700,um,um2;0,CAum2;0,CA001,Late Proterozoic(?) to Early Jurassic,peridotite,serpentinite,10261.743932838370000,846066.560363777680000
204,20,11299600,14.410757790000000,0.000747068750000,3754,0.001815985652240,0.401109499346000,3756,8707,Mzv,MZv2;0,CAMZv2;0,CA001,Jurassic,mafic volcanic rock,intermediate volcanic rock,10054.237955283925000,3610622.336000134200000
205,21,11379500,92.561953770000002,0.001752746428570,23,0.968738550065000,23.011215252000000,25,4940,KJf,KJf1;0,CAKJf1;0,CA001,Jurassic to Cretaceous,sandstone,mudstone,36170.902866667166000,39215327.188749999000000
206,21,11379500,92.561953770000002,0.001752746428570,105,0.180607390241000,9.172978379780000,107,5014,KJfs,KJfs;0,CAKJfs;0,CA001,Early Cretaceous,blueschist,metasedimentary rock,51560.757000269521000,46873583.491917141000000
207,21,11379500,92.561953770000002,0.001752746428570,1521,0.013866595595500,0.744970261944000,1523,6442,Kl,Kl;0,CAKl;0,CA001,Early Cretaceous,mudstone,sandstone,28965.516864665638000,10919686.019406006000000
208,21,11379500,92.561953770000002,0.001752746428570,1553,0.015239203387400,1.545223227810000,1555,6479,um,um3;0,CAum3;0,CA001,Middle to Late Jurassic,serpentinite,peridotite,38080.733457147493000,41630874.930650808000000
209,21,11379500,92.561953770000002,0.001752746428570,1554,0.000476403867194,0.136786636474000,1556,6485,QPc,QPOc;0,CAQPOc;0,CA001,Miocene to Pleistocene,sandstone,conglomerate,392.969452554418070,5421.147417175391600
210,21,11379500,92.561953770000002,0.001752746428570,1564,0.001263451918090,0.333755239149000,1566,6491,J,J2;0,CAJ2;0,CA001,Late Jurassic to Early Cretaceous,mudstone,sandstone,20501.923974621517000,7173436.972688309800000
211,21,11379500,92.561953770000002,0.001752746428570,1568,0.001609311637710,0.160294527207000,1570,6499,Ku,Ku1;0,CAKu1;0,CA001,Late Cretaceous,sandstone,mudstone,13747.801876518024000,7261799.193319055300000
212,21,11379500,92.561953770000002,0.001752746428570,1570,0.001267436260910,0.150666437061000,1572,6497,Kl,Kl;0,CAKl;0,CA001,Early Cretaceous,mudstone,sandstone,14791.507812322541000,11869722.952906232000000
213,21,11379500,92.561953770000002,0.001752746428570,1578,0.004257879138360,0.344363502410000,1580,6505,J,J2;0,CAJ2;0,CA001,Late Jurassic to Early Cretaceous,mudstone,sandstone,28801.253180256852000,34252514.865725003000000
214,21,11379500,92.561953770000002,0.001752746428570,1587,0.000196672704604,0.084160352718200,1589,6512,J,J2;0,CAJ2;0,CA001,Late Jurassic to Early Cretaceous,mudstone,sandstone,8330.426052090944700,1840644.136379705700000
215,21,11379500,92.561953770000002,0.001752746428570,1591,0.002420502842660,0.316944062976000,1593,6518,Mzv,MZv1;0,CAMZv1;0,CA001,Jurassic to Cretaceous,greenstone,basalt,27596.206372872304000,19960371.766591862000000
216,21,11379500,92.561953770000002,0.001752746428570,1596,0.000483371978222,0.095410728371200,1598,6525,Ku,Ku1;0,CAKu1;0,CA001,Late Cretaceous,sandstone,mudstone,9657.225158844023100,3031066.119767260700000
217,21,11379500,92.561953770000002,0.001752746428570,1607,0.004937769336690,0.479834651442000,1609,6538,Kl,Kl;0,CAKl;0,CA001,Early Cretaceous,mudstone,sandstone,13504.208151830700000,4040459.881451476400000
218,21,11379500,92.561953770000002,0.001752746428570,1608,0.000860034228666,0.208706847934000,1610,6536,J,J2;0,CAJ2;0,CA001,Late Jurassic to Early Cretaceous,mudstone,sandstone,15713.394804084015000,6065291.562538106000000
219,21,11379500,92.561953770000002,0.001752746428570,1627,0.000170550960205,0.060360330144600,1629,6552,Mzv,MZv1;0,CAMZv1;0,CA001,Jurassic to Cretaceous,greenstone,basalt,4383.314053359642500,732089.804921086060000
220,21,11379500,92.561953770000002,0.001752746428570,1637,0.001829002552820,0.315823154228000,1639,6562,J,J2;0,CAJ2;0,CA001,Late Jurassic to Early Cretaceous,mudstone,sandstone,6999.142066666619900,1300810.966908427000000
221,21,11379500,92.561953770000002,0.001752746428570,1638,0.032140722092800,2.226611682280000,1640,6566,J,J2;0,CAJ2;0,CA001,Late Jurassic to Early Cretaceous,mudstone,sandstone,6426.575717890561500,1714474.332562491500000
222,21,11379500,92.561953770000002,0.001752746428570,1642,0.000296263690309,0.123867439057000,1644,6570,Mzv,MZv1;0,CAMZv1;0,CA001,Jurassic to Cretaceous,greenstone,basalt,5779.817230538705200,881375.550595203650000
223,21,11379500,92.561953770000002,0.001752746428570,1660,0.000234543468314,0.090974264843400,1662,6589,Mzv,MZv1;0,CAMZv1;0,CA001,Jurassic to Cretaceous,greenstone,basalt,5375.674951047753900,780197.670492893320000
224,22,11449500,36.642473010000003,0.001160464754100,23,0.968738550065000,23.011215252000000,25,4940,KJf,KJf1;0,CAKJf1;0,CA001,Jurassic to Cretaceous,sandstone,mudstone,54203.550933472710000,45021871.841615446000000
225,22,11449500,36.642473010000003,0.001160464754100,2413,0.016987915219700,1.571075008030000,2415,7327,Q,Q;0,CAQ;0,CA001,Pliocene to Holocene,alluvium,terrace,9563.591910513147000,2802713.466649359100000
226,22,11449500,36.642473010000003,0.001160464754100,2516,0.017538924130300,1.152314463380000,2518,7457,Qv,Qv3;0,CAQv3;0,CA001,Quaternary (0-4 Ma),andesite,dacite,31515.497968640539000,7368723.734014974900000
227,22,11449500,36.642473010000003,0.001160464754100,2611,0.001431313798630,0.293743480768000,2613,7534,um,um3;0,CAum3;0,CA001,Middle to Late Jurassic,serpentinite,peridotite,28278.199188685663000,13764495.010837762000000
228,22,11449500,36.642473010000003,0.001160464754100,2635,0.001353719666680,0.293173440658000,2637,7559,Mzv,MZv1;0,CAMZv1;0,CA001,Jurassic to Cretaceous,greenstone,basalt,20777.081158785466000,4394649.689955056600000
229,22,11449500,36.642473010000003,0.001160464754100,2655,0.002400387709560,0.572550311867000,2657,7580,Ku,Ku1;0,CAKu1;0,CA001,Late Cretaceous,sandstone,mudstone,10525.797847964914000,2359063.950763610200000
230,22,11449500,36.642473010000003,0.001160464754100,2677,0.001072445832120,0.207559007034000,2679,7597,KJfm,KJfm;0,CAKJfm;0,CA001,Jurassic to Cretaceous,melange, ,11246.894531770544000,1735903.380942317700000
231,22,11449500,36.642473010000003,0.001160464754100,2679,0.001622304390070,0.235955223089000,2681,7602,Qv,Qv3;0,CAQv3;0,CA001,Quaternary (0-4 Ma),andesite,dacite,23062.353321933402000,8496309.509159851800000
232,22,11449500,36.642473010000003,0.001160464754100,2704,0.001179729350650,0.144758521346000,2706,7635,Qv,Qv3;0,CAQv3;0,CA001,Quaternary (0-4 Ma),andesite,dacite,14585.552861888862000,8641345.911755299200000
233,22,11449500,36.642473010000003,0.001160464754100,2716,0.000959750813791,0.215698699796000,2718,7647,um,um3;0,CAum3;0,CA001,Middle to Late Jurassic,serpentinite,peridotite,2515.116906729358600,243944.018755057710000
234,23,11469000,245.497862610000000,0.002032092285710,23,0.968738550065000,23.011215252000000,25,4940,KJf,KJf1;0,CAKJf1;0,CA001,Jurassic to Cretaceous,sandstone,mudstone,16557.752094373100000,5443891.064632518200000
235,23,11469000,245.497862610000000,0.002032092285710,1125,0.082237169605600,3.498223530860000,1127,6008,Ep,PN2;0,CAPN2;0,CA001,Paleocene to late Eocene,mudstone,sandstone,64700.510544696706000,40280330.925498590000000
236,23,11469000,245.497862610000000,0.002032092285710,1241,0.607454235032000,12.073758603100000,1243,6138,TK,TK;0,CATK;0,CA001,Late Cretaceous to Pliocene,sandstone,mudstone,179676.071984121230000,586283604.654504180000000
237,23,11469000,245.497862610000000,0.002032092285710,1378,0.001494271703550,0.197043561733000,1380,6267,TK,TK;0,CATK;0,CA001,Late Cretaceous to Pliocene,sandstone,mudstone,3906.040049852714700,745999.322477957930000
238,23,11469000,245.497862610000000,0.002032092285710,1495,0.000476281303241,0.123463653571000,1497,6398,um,um3;0,CAum3;0,CA001,Middle to Late Jurassic,serpentinite,peridotite,11724.639941541185000,2665798.136302963800000
239,23,11469000,245.497862610000000,0.002032092285710,1526,0.001249153828380,0.297501394914000,1528,6428,P,PO;0,CAPO;0,CA001,Miocene to Pleistocene,sandstone,mudstone,1715.301659372256600,43757.452764192756000
240,25,11475800,247.917782969999990,0.000331520282258,23,0.968738550065000,23.011215252000000,25,4940,KJf,KJf1;0,CAKJf1;0,CA001,Jurassic to Cretaceous,sandstone,mudstone,201044.892230559750000,209744282.694019260000000
241,25,11475800,247.917782969999990,0.000331520282258,1125,0.082237169605600,3.498223530860000,1127,6008,Ep,PN2;0,CAPN2;0,CA001,Paleocene to late Eocene,mudstone,sandstone,9065.842343358825000,2352721.994048235500000
242,25,11475800,247.917782969999990,0.000331520282258,1241,0.607454235032000,12.073758603100000,1243,6138,TK,TK;0,CATK;0,CA001,Late Cretaceous to Pliocene,sandstone,mudstone,138105.662341474060000,330738532.848155500000000
243,25,11475800,247.917782969999990,0.000331520282258,1649,0.003084796631640,0.261476031828000,1651,6556,um,um3;0,CAum3;0,CA001,Middle to Late Jurassic,serpentinite,peridotite,25048.276270335049000,22227619.350027122000000
244,25,11475800,247.917782969999990,0.000331520282258,1726,0.002588433528090,0.252007520033000,1728,6615,TK,TK;0,CATK;0,CA001,Late Cretaceous to Pliocene,sandstone,mudstone,25547.661941874063000,24586163.560825165000000
245,25,11475800,247.917782969999990,0.000331520282258,1798,0.003014386766640,0.394961388000000,1800,6683,TK,TK;0,CATK;0,CA001,Late Cretaceous to Pliocene,sandstone,mudstone,5662.116849826042200,840703.757890804790000
246,25,11475800,247.917782969999990,0.000331520282258,1801,0.002019815627450,0.225284722816000,1803,6686,TK,TK;0,CATK;0,CA001,Late Cretaceous to Pliocene,sandstone,mudstone,11556.383472845957000,3252033.772317724300000
247,25,11475800,247.917782969999990,0.000331520282258,1852,0.000432566654212,0.091486851457400,1854,6744,TK,TK;0,CATK;0,CA001,Late Cretaceous to Pliocene,sandstone,mudstone,8548.165521371162000,4112825.986685873500000
248,25,11475800,247.917782969999990,0.000331520282258,1875,0.000968835871038,0.206892461480000,1877,6761,Q,Q;0,CAQ;0,CA001,Pliocene to Holocene,alluvium,terrace,21023.702435846721000,9215038.835188962500000
249,25,11475800,247.917782969999990,0.000331520282258,1921,0.002143724333500,0.380491273671000,1923,6814,Q,Q;0,CAQ;0,CA001,Pliocene to Holocene,alluvium,terrace,30824.457755752996000,17643597.333489779000000
250,25,11475800,247.917782969999990,0.000331520282258,1968,0.000015078673236,0.014226124971700,1970,6852,water,water;0,CAwater;0,CA001,Holocene,water, ,1409.807249356761300,143523.123840655490000
251,26,11476600,27.739431719999999,0.012831611387900,1125,0.082237169605600,3.498223530860000,1127,6008,Ep,PN2;0,CAPN2;0,CA001,Paleocene to late Eocene,mudstone,sandstone,55013.171078413317000,62899095.211655430000000
252,26,11476600,27.739431719999999,0.012831611387900,1241,0.607454235032000,12.073758603100000,1243,6138,TK,TK;0,CATK;0,CA001,Late Cretaceous to Pliocene,sandstone,mudstone,26516.090288502986000,8901222.253193873900000
253,27,0000,1.370000000000000,0.000000000000000,23,0.968738550065000,23.011215252000000,25,4940,KJf,KJf1;0,CAKJf1;0,CA001,Jurassic to Cretaceous,sandstone,mudstone,15452.000000000000000,3540114.000000000000000
254,23,11469000,245.497862610000000,0.002032092285710,1241,0.607454235032000,12.073758603100000,1243,6138,TK,TK;0,CATK;0,CA001,Late Cretaceous to Pliocene,sandstone,mudstone,119.970358242402710,899.463043019141650
255,26,11476600,27.739431719999999,0.012831611387900,1241,0.607454235032000,12.073758603100000,1243,6138,TK,TK;0,CATK;0,CA001,Late Cretaceous to Pliocene,sandstone,mudstone,119.970358242402710,899.463043019141650
256,24,11475560,6.484163400000000,0.002436400000000,1241,0.607454235032000,12.073758603100000,1243,6138,TK,TK;0,CATK;0,CA001,Late Cretaceous to Pliocene,sandstone,mudstone,25047.132373811193000,16781675.295739837000000
257,25,11475800,247.917782969999990,0.000331520282258,1241,0.607454235032000,12.073758603100000,1243,6138,TK,TK;0,CATK;0,CA001,Late Cretaceous to Pliocene,sandstone,mudstone,25047.132373811193000,16781675.295739837000000